Workbook

Sheet Sales_Data
A1: Transaction_ID | B1: First Name | C1: Last Name | D1: Full Name | E1: Gender | F1: Product_Category | G1: Product_Name | H1: Quantity | I1: Unit_Price | J1: Total_Sales | K1: Purchase_Date | L1: Year | M1: Location
A2: TXN094 | B2: Olatoke | C2: Olorunleke | D2: =CONCATENATE(Sales_Data!$B2," ",Sales_Data!$C2) -> Olatoke Olorunleke | E2: Female | F2: Clothing | G2: Jeans | H2: 2 | I2: 12000 | J2: 24000 | K2: 45997 | L2: =YEAR(K2) -> 2025 | M2: Abuja
A3: TXN002 | B3: Adekunle | C3: George | D3: =CONCATENATE(Sales_Data!$B3," ",Sales_Data!$C3) -> Adekunle George | E3: Male | F3: Furniture | G3: Sofa | H3: 1 | I3: 200000 | J3: 200000 | K3: 45334 | L3: =YEAR(K3) -> 2024 | M3: Lagos
A4: TXN019 | B4: Adekunle | C4: Ike | D4: =CONCATENATE(Sales_Data!$B4," ",Sales_Data!$C4) -> Adekunle Ike | E4: Male | F4: Electronics | G4: Headphones | H4: 8 | I4: 30000 | J4: 240000 | K4: 45900 | L4: =YEAR(K4) -> 2025 | M4: Abuja
A5: TXN004 | B5: Linda | C5: Adams | D5: =CONCATENATE(Sales_Data!$B5," ",Sales_Data!$C5) -> Linda Adams | E5: Female | F5: Groceries | G5: Bread | H5: 3 | I5: 1200 | J5: 3600 | K5: 45705 | L5: =YEAR(K5) -> 2025 | M5: Lagos
A6: TXN100 | B6: Faith | C6: Salami | D6: =CONCATENATE(Sales_Data!$B6," ",Sales_Data!$C6) -> Faith Salami | E6: Female | F6: Electronics | G6: Laptop | H6: 5 | I6: 250000 | J6: 1250000 | K6: 45181 | L6: =YEAR(K6) -> 2023 | M6: Kano
A7: TXN006 | B7: Yusuf | C7: Taiwo | D7: =CONCATENATE(Sales_Data!$B7," ",Sales_Data!$C7) -> Yusuf Taiwo | E7: Male | F7: Furniture | G7: Sofa | H7: 9 | I7: 200000 | J7: 1800000 | K7: 45069 | L7: =YEAR(K7) -> 2023 | M7: Abuja
A8: TXN071 | B8: Fatima | C8: Balogun | D8: =CONCATENATE(Sales_Data!$B8," ",Sales_Data!$C8) -> Fatima Balogun | E8: Female | F8: Electronics | G8: Headphones | H8: 7 | I8: 30000 | J8: 210000 | K8: 45459 | L8: =YEAR(K8) -> 2024 | M8: Lagos
A9: TXN008 | B9: David | C9: Ibrahim | D9: =CONCATENATE(Sales_Data!$B9," ",Sales_Data!$C9) -> David Ibrahim | E9: Male | F9: Groceries | G9: Bread | H9: 6 | I9: 1200 | J9: 7200 | K9: 45473 | L9: =YEAR(K9) -> 2024 | M9: Abuja
A10: TXN009 | B10: Emeka | C10: Obi | D10: =CONCATENATE(Sales_Data!$B10," ",Sales_Data!$C10) -> Emeka Obi | E10: Male | F10: Electronics | G10: Headphones | H10: 3 | I10: 30000 | J10: 90000 | K10: 45704 | L10: =YEAR(K10) -> 2025 | M10: Kano
A11: TXN010 | B11: Mary | C11: Obi | D11: =CONCATENATE(Sales_Data!$B11," ",Sales_Data!$C11) -> Mary Obi | E11: Male | F11: Groceries | G11: Rice Bag | H11: 6 | I11: 15000 | J11: 90000 | K11: 45748 | L11: =YEAR(K11) -> 2025 | M11: Port Harcourt
A12: TXN011 | B12: Seun | C12: Adams | D12: =CONCATENATE(Sales_Data!$B12," ",Sales_Data!$C12) -> Seun Adams | E12: Male | F12: Groceries | G12: Rice Bag | H12: 4 | I12: 15000 | J12: 60000 | K12: 45737 | L12: =YEAR(K12) -> 2025 | M12: Kano
A13: TXN087 | B13: Grace | C13: Adekunle | D13: =CONCATENATE(Sales_Data!$B13," ",Sales_Data!$C13) -> Grace Adekunle | E13: Female | F13: Groceries | G13: Bread | H13: 9 | I13: 1200 | J13: 10800 | K13: 45554 | L13: =YEAR(K13) -> 2024 | M13: Port Harcourt
... A101: TXN018 | B101: Yusuf | C101: Obi | D101: =CONCATENATE(Sales_Data!$B101," ",Sales_Data!$C101) -> Yusuf Obi | E101: Male | F101: Electronics | G101: Laptop | H101: 6 | I101: 250000 | J101: 1500000 | K101: 45088 | L101: =YEAR(K101) -> 2023 | M101: Abuja
B105: SALES PERFORMANCE | E105: PRODUCT ANALYSIS | H105: CUSTOMER/INVENTORY ANALYSIS
B106: Total Sales Across Categories | E106: Best Selling Product | F106: Total sales | H106: Average Quantity Sold Per Product Category
B107: Clothing | C107: =SUMIF($F$2:$F$101,F2,$J$2:$J$101) -> 1072000 | E107: Sofa | F107: =SUMIF($G$2:$G$101,E107,$J$2:$J$101) -> 14600000 | H107: Category | I107: Average Quantity
B108: Furniture | C108: =SUMIF($F$2:$F$101,F3,$J$2:$J$101) -> 20060000 | E108: Laptop | F108: =SUMIF($G$2:$G$101,E108,$J$2:$J$101) -> 13500000 | H108: Clothing | I108: =AVERAGEIF($F$2:$F$101,H108,$H$2:$H$101) -> 5.8095238
B109: Electronics | C109: =SUMIF($F$2:$F$101,F4,$J$2:$J$101) -> 21360000 | E109: Smartphone | F109: =SUMIF($G$2:$G$101,E109,$J$2:$J$101) -> 6120000 | H109: Furniture | I109: =AVERAGEIF($F$2:$F$101,H109,$H$2:$H$101) -> 5.5925926
B110: Groceries | C110: =SUMIF($F$2:$F$101,F5,$J$2:$J$101) -> 952200 | E110: Table | F110: =SUMIF($G$2:$G$101,E110,$J$2:$J$101) -> 3120000 | H110: Electronics | I110: =AVERAGEIF($F$2:$F$101,H110,$H$2:$H$101) -> 5.6153846
E111: Chair | F111: =SUMIF($G$2:$G$101,E111,$J$2:$J$101) -> 2340000 | H111: Groceries | I111: =AVERAGEIF($F$2:$F$101,H111,$H$2:$H$101) -> 6.1923077
B112: Total Sales Per Year | E112: Headphones | F112: =SUMIF($G$2:$G$101,E112,$J$2:$J$101) -> 1740000
B113: 2023 | C113: =SUMIF($L$2:$L$101,B113,$J$2:$J$101) -> 20249600 | E113: Rice Bag | F113: =SUMIF($G$2:$G$101,E113,$J$2:$J$101) -> 825000 | H113: CUSTOMER INSIGHTS BY GENDER
B114: 2024 | C114: =SUMIF($L$2:$L$101,B114,$J$2:$J$101) -> 12961000 | E114: Jeans | F114: =SUMIF($G$2:$G$101,E114,$J$2:$J$101) -> 792000 | H114: Male | I114: =COUNTIF($E$2:$E$101,H114)/100 -> 0.59
B115: 2025 | C115: =SUMIF($L$2:$L$101,B115,$J$2:$J$101) -> 10233600 | E115: T-shirt | F115: =SUMIF($G$2:$G$101,E115,$J$2:$J$101) -> 280000 | H115: Female | I115: =COUNTIF($E$2:$E$101,H115)/100 -> 0.41
E116: Bread | F116: =SUMIF($G$2:$G$101,E116,$J$2:$J$101) -> 127200
B117: Total Sales Per Location
B118: Abuja | C118: =SUMIF($M$2:$M$101,B118,$J$2:$J$101) -> 12857600 | E118: Most Frequently Purchased Product
B119: Kano | C119: =SUMIF($M$2:$M$101,B119,$J$2:$J$101) -> 10414600 | E119: Bread | F119: =SUMIF($G$2:$G$101,E119,$H$2:$H$101) -> 106
B120: Lagos | C120: =SUMIF($M$2:$M$101,B120,$J$2:$J$101) -> 12281800 | E120: Sofa | F120: =SUMIF($G$2:$G$101,E120,$H$2:$H$101) -> 73
B121: Port Harcourt | C121: =SUMIF($M$2:$M$101,B121,$J$2:$J$101) -> 7890200 | E121: Jeans | F121: =SUMIF($G$2:$G$101,E121,$H$2:$H$101) -> 66
E122: Headphones | F122: =SUMIF($G$2:$G$101,E122,$H$2:$H$101) -> 58
E123: T-shirt | F123: =SUMIF($G$2:$G$101,E123,$H$2:$H$101) -> 56
E124: Rice Bag | F124: =SUMIF($G$2:$G$101,E124,$H$2:$H$101) -> 55
E125: Laptop | F125: =SUMIF($G$2:$G$101,E125,$H$2:$H$101) -> 54
E126: Chair | F126: =SUMIF($G$2:$G$101,E126,$H$2:$H$101) -> 39
E127: Table | F127: =SUMIF($G$2:$G$101,E127,$H$2:$H$101) -> 39
E128: Smartphone | F128: =SUMIF($G$2:$G$101,E128,$H$2:$H$101) -> 34

Sheet Product_Lookup
A1: Transaction_ID | B1: Full Name | C1: Gender | D1: Region
A2: TXN009 | B2: =VLOOKUP(Product_Lookup!A2,Sales_Data!$A$2:$M$101,4,) -> Emeka Obi | C2: =_xlfn.XLOOKUP(B2,Sales_Data!$D$2:$D$101,Sales_Data!$E$2:$E$101) -> Male | D2: =_xlfn.XLOOKUP(B2,Sales_Data!$D$2:$D$101,Sales_Data!$M$2:$M$101) -> Kano
A3: TXN004 | B3: =VLOOKUP(Product_Lookup!A3,Sales_Data!$A$2:$M$101,4,) -> Linda Adams | C3: =_xlfn.XLOOKUP(B3,Sales_Data!$D$2:$D$101,Sales_Data!$E$2:$E$101) -> Female | D3: =_xlfn.XLOOKUP(B3,Sales_Data!$D$2:$D$101,Sales_Data!$M$2:$M$101) -> Lagos
A4: TXN007 | B4: =VLOOKUP(Product_Lookup!A4,Sales_Data!$A$2:$M$101,4,) -> Yusuf Olawale | C4: =_xlfn.XLOOKUP(B4,Sales_Data!$D$2:$D$101,Sales_Data!$E$2:$E$101) -> Male | D4: =_xlfn.XLOOKUP(B4,Sales_Data!$D$2:$D$101,Sales_Data!$M$2:$M$101) -> Lagos
A5: TXN067 | B5: =VLOOKUP(Product_Lookup!A5,Sales_Data!$A$2:$M$101,4,) -> Sandra Okafor | C5: =_xlfn.XLOOKUP(B5,Sales_Data!$D$2:$D$101,Sales_Data!$E$2:$E$101) -> Female | D5: =_xlfn.XLOOKUP(B5,Sales_Data!$D$2:$D$101,Sales_Data!$M$2:$M$101) -> Lagos
A6: TXN010 | B6: =VLOOKUP(Product_Lookup!A6,Sales_Data!$A$2:$M$101,4,) -> Mary Obi | C6: =_xlfn.XLOOKUP(B6,Sales_Data!$D$2:$D$101,Sales_Data!$E$2:$E$101) -> Male | D6: =_xlfn.XLOOKUP(B6,Sales_Data!$D$2:$D$101,Sales_Data!$M$2:$M$101) -> Port Harcourt
A7: TXN045 | B7: =VLOOKUP(Product_Lookup!A7,Sales_Data!$A$2:$M$101,4,) -> Ferdinand Obi | C7: =_xlfn.XLOOKUP(B7,Sales_Data!$D$2:$D$101,Sales_Data!$E$2:$E$101) -> Male | D7: =_xlfn.XLOOKUP(B7,Sales_Data!$D$2:$D$101,Sales_Data!$M$2:$M$101) -> Abuja
A8: TXN054 | B8: =VLOOKUP(Product_Lookup!A8,Sales_Data!$A$2:$M$101,4,) -> Kolawole Bello | C8: =_xlfn.XLOOKUP(B8,Sales_Data!$D$2:$D$101,Sales_Data!$E$2:$E$101) -> Male | D8: =_xlfn.XLOOKUP(B8,Sales_Data!$D$2:$D$101,Sales_Data!$M$2:$M$101) -> Abuja
A9: TXN056 | B9: =VLOOKUP(Product_Lookup!A9,Sales_Data!$A$2:$M$101,4,) -> Zainab Ibrahim | C9: =_xlfn.XLOOKUP(B9,Sales_Data!$D$2:$D$101,Sales_Data!$E$2:$E$101) -> Female | D9: =_xlfn.XLOOKUP(B9,Sales_Data!$D$2:$D$101,Sales_Data!$M$2:$M$101) -> Kano
A10: TXN086 | B10: =VLOOKUP(Product_Lookup!A10,Sales_Data!$A$2:$M$101,4,) -> Cynthia Feyisayo | C10: =_xlfn.XLOOKUP(B10,Sales_Data!$D$2:$D$101,Sales_Data!$E$2:$E$101) -> Female | D10: =_xlfn.XLOOKUP(B10,Sales_Data!$D$2:$D$101,Sales_Data!$M$2:$M$101) -> Port Harcourt
A11: TXN019 | B11: =VLOOKUP(Product_Lookup!A11,Sales_Data!$A$2:$M$101,4,) -> Adekunle Ike | C11: =_xlfn.XLOOKUP(B11,Sales_Data!$D$2:$D$101,Sales_Data!$E$2:$E$101) -> Male | D11: =_xlfn.XLOOKUP(B11,Sales_Data!$D$2:$D$101,Sales_Data!$M$2:$M$101) -> Abuja
A12: TXN032 | B12: =VLOOKUP(Product_Lookup!A12,Sales_Data!$A$2:$M$101,4,) -> Mary Adams | C12: =_xlfn.XLOOKUP(B12,Sales_Data!$D$2:$D$101,Sales_Data!$E$2:$E$101) -> Female | D12: =_xlfn.XLOOKUP(B12,Sales_Data!$D$2:$D$101,Sales_Data!$M$2:$M$101) -> Lagos
A13: TXN053 | B13: =VLOOKUP(Product_Lookup!A13,Sales_Data!$A$2:$M$101,4,) -> Oluwaseun Adams | C13: =_xlfn.XLOOKUP(B13,Sales_Data!$D$2:$D$101,Sales_Data!$E$2:$E$101) -> Male | D13: =_xlfn.XLOOKUP(B13,Sales_Data!$D$2:$D$101,Sales_Data!$M$2:$M$101) -> Port Harcourt
... A30: TXN096 | B30: =VLOOKUP(Product_Lookup!A30,Sales_Data!$A$2:$M$101,4,) -> Olawale Yekini | C30: =_xlfn.XLOOKUP(B30,Sales_Data!$D$2:$D$101,Sales_Data!$E$2:$E$101) -> Male | D30: =_xlfn.XLOOKUP(B30,Sales_Data!$D$2:$D$101,Sales_Data!$M$2:$M$101) -> Abuja
